Company Name,Industry,Symbol
3M India Ltd.,CONSUMER GOODS,3MINDIA
ABB India Ltd.,INDUSTRIAL MANUFACTURING,ABB
ABB Power Products and Systems India Ltd.,INDUSTRIAL MANUFACTURING,POWERINDIA
ACC Ltd.,CEMENT & CEMENT PRODUCTS,ACC
AIA Engineering Ltd.,INDUSTRIAL MANUFACTURING,AIAENG
APL Apollo Tubes Ltd.,METALS,APLAPOLLO
AU Small Finance Bank Ltd.,FINANCIAL SERVICES,AUBANK
Aarti Drugs Ltd.,PHARMA,AARTIDRUGS
Aarti Industries Ltd.,CHEMICALS,AARTIIND
Aavas Financiers Ltd.,FINANCIAL SERVICES,AAVAS
Abbott India Ltd.,PHARMA,ABBOTINDIA
Adani Enterprises Ltd.,METALS,ADANIENT
Adani Green Energy Ltd.,POWER,ADANIGREEN
Adani Ports and Special Economic Zone Ltd.,SERVICES,ADANIPORTS
Adani Total Gas Ltd.,OIL & GAS,ATGL
Adani Transmission Ltd.,POWER,ADANITRANS
Aditya Birla Capital Ltd.,FINANCIAL SERVICES,ABCAPITAL
Aditya Birla Fashion and Retail Ltd.,CONSUMER SERVICES,ABFRL
Advanced Enzyme Tech Ltd.,CONSUMER GOODS,ADVENZYMES
Aegis Logistics Ltd.,SERVICES,AEGISCHEM
Affle (India) Ltd.,IT,AFFLE
Ajanta Pharmaceuticals Ltd.,PHARMA,AJANTPHARM
Akzo Nobel India Ltd.,CONSUMER GOODS,AKZOINDIA
Alembic Ltd.,PHARMA,ALEMBICLTD
Alembic Pharmaceuticals Ltd.,PHARMA,APLLTD
Alkem Laboratories Ltd.,PHARMA,ALKEM
Alkyl Amines Chemicals Ltd.,CHEMICALS,ALKYLAMINE
Alok Industries Ltd.,TEXTILES,ALOKINDS
Amara Raja Batteries Ltd.,AUTOMOBILE,AMARAJABAT
Amber Enterprises India Ltd.,CONSUMER GOODS,AMBER
Ambuja Cements Ltd.,CEMENT & CEMENT PRODUCTS,AMBUJACEM
Angel Broking Ltd.,FINANCIAL SERVICES,ANGELBRKG
Apollo Hospitals Enterprise Ltd.,HEALTHCARE SERVICES,APOLLOHOSP
Apollo Tyres Ltd.,AUTOMOBILE,APOLLOTYRE
Asahi India Glass Ltd.,AUTOMOBILE,ASAHIINDIA
Ashok Leyland Ltd.,AUTOMOBILE,ASHOKLEY
Ashoka Buildcon Ltd.,CONSTRUCTION,ASHOKA
Asian Paints Ltd.,CONSUMER GOODS,ASIANPAINT
Aster DM Healthcare Ltd.,HEALTHCARE SERVICES,ASTERDM
AstraZenca Pharma India Ltd.,PHARMA,ASTRAZEN
Astral Poly Technik Ltd.,INDUSTRIAL MANUFACTURING,ASTRAL
Atul Ltd.,CHEMICALS,ATUL
Aurobindo Pharma Ltd.,PHARMA,AUROPHARMA
Avanti Feeds Ltd.,CONSUMER GOODS,AVANTIFEED
Avenue Supermarts Ltd.,CONSUMER SERVICES,DMART
Axis Bank Ltd.,FINANCIAL SERVICES,AXISBANK
BASF India Ltd.,CHEMICALS,BASF
BEML Ltd.,INDUSTRIAL MANUFACTURING,BEML
BSE Ltd.,FINANCIAL SERVICES,BSE
Bajaj Auto Ltd.,AUTOMOBILE,BAJAJ-AUTO
Bajaj Consumer Care Ltd.,CONSUMER GOODS,BAJAJCON
Bajaj Electricals Ltd,CONSUMER GOODS,BAJAJELEC
Bajaj Finance Ltd.,FINANCIAL SERVICES,BAJFINANCE
Bajaj Finserv Ltd.,FINANCIAL SERVICES,BAJAJFINSV
Bajaj Holdings & Investment Ltd.,FINANCIAL SERVICES,BAJAJHLDNG
Balaji Amines Ltd.,CHEMICALS,BALAMINES
Balkrishna Industries Ltd.,AUTOMOBILE,BALKRISIND
Balmer Lawrie & Co. Ltd.,INDUSTRIAL MANUFACTURING,BALMLAWRIE
Balrampur Chini Mills Ltd.,CONSUMER GOODS,BALRAMCHIN
Bandhan Bank Ltd.,FINANCIAL SERVICES,BANDHANBNK
Bank of Baroda,FINANCIAL SERVICES,BANKBARODA
Bank of India,FINANCIAL SERVICES,BANKINDIA
Bank of Maharashtra.,FINANCIAL SERVICES,MAHABANK
Bata India Ltd.,CONSUMER GOODS,BATAINDIA
Bayer Cropscience Ltd.,FERTILISERS & PESTICIDES,BAYERCROP
Berger Paints India Ltd.,CONSUMER GOODS,BERGEPAINT
Bharat Dynamics Ltd.,INDUSTRIAL MANUFACTURING,BDL
Bharat Electronics Ltd.,INDUSTRIAL MANUFACTURING,BEL
Bharat Forge Ltd.,INDUSTRIAL MANUFACTURING,BHARATFORG
Bharat Heavy Electricals Ltd.,INDUSTRIAL MANUFACTURING,BHEL
Bharat Petroleum Corporation Ltd.,OIL & GAS,BPCL
Bharat Rasayan Ltd.,FERTILISERS & PESTICIDES,BHARATRAS
Bharti Airtel Ltd.,TELECOM,BHARTIARTL
Biocon Ltd.,PHARMA,BIOCON
Birla Corporation Ltd.,CEMENT & CEMENT PRODUCTS,BIRLACORPN
Birlasoft Ltd.,IT,BSOFT
Bliss GVS Pharma Ltd.,PHARMA,BLISSGVS
Blue Dart Express Ltd.,SERVICES,BLUEDART
Blue Star Ltd.,CONSUMER GOODS,BLUESTARCO
Bombay Burmah Trading Corporation Ltd.,CONSUMER GOODS,BBTC
Bosch Ltd.,AUTOMOBILE,BOSCHLTD
Brigade Enterprises Ltd.,CONSTRUCTION,BRIGADE
Britannia Industries Ltd.,CONSUMER GOODS,BRITANNIA
CCL Products (I) Ltd.,CONSUMER GOODS,CCL
CESC Ltd.,POWER,CESC
CRISIL Ltd.,FINANCIAL SERVICES,CRISIL
CSB Bank Ltd.,FINANCIAL SERVICES,CSBBANK
Cadila Healthcare Ltd.,PHARMA,CADILAHC
Can Fin Homes Ltd.,FINANCIAL SERVICES,CANFINHOME
Canara Bank,FINANCIAL SERVICES,CANBK
Caplin Point Laboratories Ltd.,PHARMA,CAPLIPOINT
Capri Global Capital Ltd.,FINANCIAL SERVICES,CGCL
Carborundum Universal Ltd.,INDUSTRIAL MANUFACTURING,CARBORUNIV
Castrol India Ltd.,OIL & GAS,CASTROLIND
Ceat Ltd.,AUTOMOBILE,CEATLTD
Central Bank of India,FINANCIAL SERVICES,CENTRALBK
Central Depository Services (India) Ltd.,FINANCIAL SERVICES,CDSL
Century Plyboards (India) Ltd.,CONSUMER GOODS,CENTURYPLY
Century Textile & Industries Ltd.,PAPER AND JUTE,CENTURYTEX
Cera Sanitaryware Ltd,CONSUMER GOODS,CERA
Chalet Hotels Ltd.,CONSUMER SERVICES,CHALET
Chambal Fertilizers & Chemicals Ltd.,FERTILISERS & PESTICIDES,CHAMBLFERT
Cholamandalam Financial Holdings Ltd.,FINANCIAL SERVICES,CHOLAHLDNG
Cholamandalam Investment and Finance Company Ltd.,FINANCIAL SERVICES,CHOLAFIN
Cipla Ltd.,PHARMA,CIPLA
City Union Bank Ltd.,FINANCIAL SERVICES,CUB
Coal India Ltd.,METALS,COALINDIA
Cochin Shipyard Ltd.,INDUSTRIAL MANUFACTURING,COCHINSHIP
Coforge Ltd.,IT,COFORGE
Colgate Palmolive (India) Ltd.,CONSUMER GOODS,COLPAL
Computer Age Management Services Ltd.,FINANCIAL SERVICES,CAMS
Container Corporation of India Ltd.,SERVICES,CONCOR
Coromandel International Ltd.,FERTILISERS & PESTICIDES,COROMANDEL
CreditAccess Grameen Ltd.,FINANCIAL SERVICES,CREDITACC
Crompton Greaves Consumer Electricals Ltd.,CONSUMER GOODS,CROMPTON
Cummins India Ltd.,INDUSTRIAL MANUFACTURING,CUMMINSIND
Cyient Ltd.,IT,CYIENT
DCB Bank Ltd.,FINANCIAL SERVICES,DCBBANK
DCM Shriram Ltd.,CONSUMER GOODS,DCMSHRIRAM
DLF Ltd.,CONSTRUCTION,DLF
Dabur India Ltd.,CONSUMER GOODS,DABUR
Dalmia Bharat Ltd.,CEMENT & CEMENT PRODUCTS,DALBHARAT
Deepak Nitrite Ltd.,CHEMICALS,DEEPAKNTR
Delta Corp Ltd.,CONSUMER SERVICES,DELTACORP
Dhani Services Ltd.,FINANCIAL SERVICES,DHANI
Dhanuka Agritech Ltd.,FERTILISERS & PESTICIDES,DHANUKA
Dilip Buildcon Ltd.,CONSTRUCTION,DBL
Dish TV India Ltd.,MEDIA ENTERTAINMENT & PUBLICATION,DISHTV
Dishman Carbogen Amcis Ltd.,PHARMA,DCAL
Divi's Laboratories Ltd.,PHARMA,DIVISLAB
Dixon Technologies (India) Ltd.,CONSUMER GOODS,DIXON
Dr. Lal Path Labs Ltd.,HEALTHCARE SERVICES,LALPATHLAB
Dr. Reddy's Laboratories Ltd.,PHARMA,DRREDDY
E.I.D. Parry (India) Ltd.,CONSUMER GOODS,EIDPARRY
EIH Ltd.,CONSUMER SERVICES,EIHOTEL
EPL Ltd.,INDUSTRIAL MANUFACTURING,EPL
Edelweiss Financial Services Ltd.,FINANCIAL SERVICES,EDELWEISS
Eicher Motors Ltd.,AUTOMOBILE,EICHERMOT
Elgi Equipments Ltd.,INDUSTRIAL MANUFACTURING,ELGIEQUIP
Emami Ltd.,CONSUMER GOODS,EMAMILTD
Endurance Technologies Ltd.,AUTOMOBILE,ENDURANCE
Engineers India Ltd.,CONSTRUCTION,ENGINERSIN
Equitas Holdings Ltd.,FINANCIAL SERVICES,EQUITAS
Eris Lifesciences Ltd.,PHARMA,ERIS
Escorts Ltd.,AUTOMOBILE,ESCORTS
Exide Industries Ltd.,AUTOMOBILE,EXIDEIND
FDC Ltd.,PHARMA,FDC
Federal Bank Ltd.,FINANCIAL SERVICES,FEDERALBNK
Fine Organic Industries Ltd.,CHEMICALS,FINEORG
Finolex Cables Ltd.,INDUSTRIAL MANUFACTURING,FINCABLES
Finolex Industries Ltd.,INDUSTRIAL MANUFACTURING,FINPIPE
Firstsource Solutions Ltd.,IT,FSL
Fortis Healthcare Ltd.,HEALTHCARE SERVICES,FORTIS
Future Consumer Ltd.,CONSUMER SERVICES,FCONSUMER
Future Retail Ltd.,CONSUMER SERVICES,FRETAIL
GAIL (India) Ltd.,OIL & GAS,GAIL
GE Power India Ltd.,INDUSTRIAL MANUFACTURING,GEPIL
GHCL Ltd.,CHEMICALS,GHCL
GMM Pfaudler Ltd.,INDUSTRIAL MANUFACTURING,GMMPFAUDLR
GMR Infrastructure Ltd.,CONSTRUCTION,GMRINFRA
Galaxy Surfactants Ltd.,CHEMICALS,GALAXYSURF
Garden Reach Shipbuilders & Engineers Ltd.,INDUSTRIAL MANUFACTURING,GRSE
Garware Technical Fibres Ltd.,TEXTILES,GARFIBRES
General Insurance Corporation of India,FINANCIAL SERVICES,GICRE
Gillette India Ltd.,CONSUMER GOODS,GILLETTE
Glaxosmithkline Pharmaceuticals Ltd.,PHARMA,GLAXO
Glenmark Pharmaceuticals Ltd.,PHARMA,GLENMARK
Godfrey Phillips India Ltd.,CONSUMER GOODS,GODFRYPHLP
Godrej Agrovet Ltd.,CONSUMER GOODS,GODREJAGRO
Godrej Consumer Products Ltd.,CONSUMER GOODS,GODREJCP
Godrej Industries Ltd.,CONSUMER GOODS,GODREJIND
Godrej Properties Ltd.,CONSTRUCTION,GODREJPROP
Granules India Ltd.,PHARMA,GRANULES
Graphite India Ltd.,INDUSTRIAL MANUFACTURING,GRAPHITE
Grasim Industries Ltd.,CEMENT & CEMENT PRODUCTS,GRASIM
Great Eastern Shipping Co. Ltd.,SERVICES,GESHIP
Greaves Cotton Ltd.,INDUSTRIAL MANUFACTURING,GREAVESCOT
Grindwell Norton Ltd.,INDUSTRIAL MANUFACTURING,GRINDWELL
Gujarat Alkalies & Chemicals Ltd.,CHEMICALS,GUJALKALI
Gujarat Ambuja Exports Ltd.,CONSUMER GOODS,GAEL
Gujarat Fluorochemicals Ltd.,CHEMICALS,FLUOROCHEM
Gujarat Gas Ltd.,OIL & GAS,GUJGASLTD
Gujarat Narmada Valley Fertilizers and Chemicals Ltd.,CHEMICALS,GNFC
Gujarat Pipavav Port Ltd.,SERVICES,GPPL
Gujarat State Fertilizers & Chemicals Ltd.,FERTILISERS & PESTICIDES,GSFC
Gujarat State Petronet Ltd.,OIL & GAS,GSPL
Gulf Oil Lubricants India Ltd.,OIL & GAS,GULFOILLUB
H.E.G. Ltd.,INDUSTRIAL MANUFACTURING,HEG
HCL Technologies Ltd.,IT,HCLTECH
HDFC Asset Management Company Ltd.,FINANCIAL SERVICES,HDFCAMC
HDFC Bank Ltd.,FINANCIAL SERVICES,HDFCBANK
HDFC Life Insurance Company Ltd.,FINANCIAL SERVICES,HDFCLIFE
HFCL Ltd.,TELECOM,HFCL
Happiest Minds Technologies Ltd.,IT,HAPPSTMNDS
Hatsun Agro Product Ltd.,CONSUMER GOODS,HATSUN
Havells India Ltd.,CONSUMER GOODS,HAVELLS
HeidelbergCement India Ltd.,CEMENT & CEMENT PRODUCTS,HEIDELBERG
Hemisphere Properties India Ltd.,CONSTRUCTION,HEMIPROP
Hero MotoCorp Ltd.,AUTOMOBILE,HEROMOTOCO
Himadri Speciality Chemical Ltd.,CHEMICALS,HSCL
Hindalco Industries Ltd.,METALS,HINDALCO
Hindustan Aeronautics Ltd.,INDUSTRIAL MANUFACTURING,HAL
Hindustan Copper Ltd.,METALS,HINDCOPPER
Hindustan Petroleum Corporation Ltd.,OIL & GAS,HINDPETRO
Hindustan Unilever Ltd.,CONSUMER GOODS,HINDUNILVR
Hindustan Zinc Ltd.,METALS,HINDZINC
Honeywell Automation India Ltd.,INDUSTRIAL MANUFACTURING,HONAUT
Housing & Urban Development Corporation Ltd.,FINANCIAL SERVICES,HUDCO
Housing Development Finance Corporation Ltd.,FINANCIAL SERVICES,HDFC
Huhtamaki India Ltd.,INDUSTRIAL MANUFACTURING,HUHTAMAKI
ICICI Bank Ltd.,FINANCIAL SERVICES,ICICIBANK
ICICI Lombard General Insurance Company Ltd.,FINANCIAL SERVICES,ICICIGI
ICICI Prudential Life Insurance Company Ltd.,FINANCIAL SERVICES,ICICIPRULI
ICICI Securities Ltd.,FINANCIAL SERVICES,ISEC
IDBI Bank Ltd.,FINANCIAL SERVICES,IDBI
IDFC First Bank Ltd.,FINANCIAL SERVICES,IDFCFIRSTB
IDFC Ltd.,FINANCIAL SERVICES,IDFC
IFB Industries Ltd.,CONSUMER GOODS,IFBIND
IIFL Finance Ltd.,FINANCIAL SERVICES,IIFL
IIFL Wealth Management Ltd.,FINANCIAL SERVICES,IIFLWAM
IOL Chem and Pharma Ltd.,PHARMA,IOLCP
IRB Infrastructure Developers Ltd.,CONSTRUCTION,IRB
IRCON International Ltd.,CONSTRUCTION,IRCON
ITC Ltd.,CONSUMER GOODS,ITC
ITI Ltd.,TELECOM,ITI
India Cements Ltd.,CEMENT & CEMENT PRODUCTS,INDIACEM
Indiabulls Housing Finance Ltd.,FINANCIAL SERVICES,IBULHSGFIN
Indiabulls Real Estate Ltd.,CONSTRUCTION,IBREALEST
Indiamart Intermesh Ltd.,CONSUMER SERVICES,INDIAMART
Indian Bank,FINANCIAL SERVICES,INDIANB
Indian Energy Exchange Ltd.,FINANCIAL SERVICES,IEX
Indian Hotels Co. Ltd.,CONSUMER SERVICES,INDHOTEL
Indian Oil Corporation Ltd.,OIL & GAS,IOC
Indian Overseas Bank,FINANCIAL SERVICES,IOB
Indian Railway Catering And Tourism Corporation Ltd.,SERVICES,IRCTC
Indo Count Industries Ltd.,TEXTILES,ICIL
Indoco Remedies Ltd.,PHARMA,INDOCO
Indraprastha Gas Ltd.,OIL & GAS,IGL
Indus Towers Ltd.,TELECOM,INDUSTOWER
IndusInd Bank Ltd.,FINANCIAL SERVICES,INDUSINDBK
Info Edge (India) Ltd.,CONSUMER SERVICES,NAUKRI
Infosys Ltd.,IT,INFY
Ingersoll Rand (India) Ltd.,INDUSTRIAL MANUFACTURING,INGERRAND
Inox Leisure Ltd.,MEDIA ENTERTAINMENT & PUBLICATION,INOXLEISUR
Intellect Design Arena Ltd.,IT,INTELLECT
InterGlobe Aviation Ltd.,SERVICES,INDIGO
Ipca Laboratories Ltd.,PHARMA,IPCALAB
J.B. Chemicals & Pharmaceuticals Ltd.,PHARMA,JBCHEPHARM
J.K. Cement Ltd.,CEMENT & CEMENT PRODUCTS,JKCEMENT
JK Lakshmi Cement Ltd.,CEMENT & CEMENT PRODUCTS,JKLAKSHMI
JK Paper Ltd.,PAPER AND JUTE,JKPAPER
JK Tyre & Industries Ltd.,AUTOMOBILE,JKTYRE
JM Financial Ltd.,FINANCIAL SERVICES,JMFINANCIL
JSW Energy Ltd.,POWER,JSWENERGY
JSW Steel Ltd.,METALS,JSWSTEEL
JTEKT India Ltd.,AUTOMOBILE,JTEKTINDIA
Jamna Auto Industries Ltd.,AUTOMOBILE,JAMNAAUTO
Jindal Saw Ltd.,METALS,JINDALSAW
Jindal Stainless (Hisar) Ltd.,METALS,JSLHISAR
Jindal Stainless Ltd.,METALS,JSL
Jindal Steel & Power Ltd.,METALS,JINDALSTEL
Johnson Controls - Hitachi Air Conditioning India Ltd.,CONSUMER GOODS,JCHAC
Jubilant Foodworks Ltd.,CONSUMER SERVICES,JUBLFOOD
Justdial Ltd.,CONSUMER SERVICES,JUSTDIAL
Jyothy Labs Ltd.,CONSUMER GOODS,JYOTHYLAB
K.P.R. Mill Ltd.,TEXTILES,KPRMILL
KEI Industries Ltd.,INDUSTRIAL MANUFACTURING,KEI
KNR Constructions Ltd.,CONSTRUCTION,KNRCON
KPIT Technologies Ltd.,IT,KPITTECH
KRBL Ltd.,CONSUMER GOODS,KRBL
KSB Ltd.,INDUSTRIAL MANUFACTURING,KSB
Kajaria Ceramics Ltd.,CONSUMER GOODS,KAJARIACER
Kalpataru Power Transmission Ltd.,POWER,KALPATPOWR
Kansai Nerolac Paints Ltd.,CONSUMER GOODS,KANSAINER
Karur Vysya Bank Ltd.,FINANCIAL SERVICES,KARURVYSYA
Kaveri Seed Company Ltd.,CONSUMER GOODS,KSCL
Kec International Ltd.,POWER,KEC
Kotak Mahindra Bank Ltd.,FINANCIAL SERVICES,KOTAKBANK
L&T Finance Holdings Ltd.,FINANCIAL SERVICES,L&TFH
L&T Technology Services Ltd.,SERVICES,LTTS
LIC Housing Finance Ltd.,FINANCIAL SERVICES,LICHSGFIN
La Opala RG Ltd.,CONSUMER GOODS,LAOPALA
Lakshmi Machine Works Ltd.,INDUSTRIAL MANUFACTURING,LAXMIMACH
Larsen & Toubro Infotech Ltd.,IT,LTI
Larsen & Toubro Ltd.,CONSTRUCTION,LT
Laurus Labs Ltd.,PHARMA,LAURUSLABS
Lemon Tree Hotels Ltd.,CONSUMER SERVICES,LEMONTREE
Linde India Ltd.,CHEMICALS,LINDEINDIA
Lupin Ltd.,PHARMA,LUPIN
Lux Industries Ltd.,TEXTILES,LUXIND
MAS Financial Services Ltd.,FINANCIAL SERVICES,MASFIN
MMTC Ltd.,SERVICES,MMTC
MOIL Ltd.,METALS,MOIL
MRF Ltd.,AUTOMOBILE,MRF
Mahanagar Gas Ltd.,OIL & GAS,MGL
Maharashtra Scooters Ltd.,FINANCIAL SERVICES,MAHSCOOTER
Maharashtra Seamless Ltd.,METALS,MAHSEAMLES
Mahindra & Mahindra Financial Services Ltd.,FINANCIAL SERVICES,M&MFIN
Mahindra & Mahindra Ltd.,AUTOMOBILE,M&M
Mahindra CIE Automotive Ltd.,INDUSTRIAL MANUFACTURING,MAHINDCIE
Mahindra Holidays & Resorts India Ltd.,CONSUMER SERVICES,MHRIL
Mahindra Logistics Ltd.,SERVICES,MAHLOG
Manappuram Finance Ltd.,FINANCIAL SERVICES,MANAPPURAM
Mangalore Refinery & Petrochemicals Ltd.,OIL & GAS,MRPL
Marico Ltd.,CONSUMER GOODS,MARICO
Maruti Suzuki India Ltd.,AUTOMOBILE,MARUTI
Max Financial Services Ltd.,FINANCIAL SERVICES,MFSL
Max Healthcare Institute Ltd.,HEALTHCARE SERVICES,MAXHEALTH
Mazagoan Dock Shipbuilders Ltd.,INDUSTRIAL MANUFACTURING,MAZDOCK
Metropolis Healthcare Ltd.,HEALTHCARE SERVICES,METROPOLIS
MindTree Ltd.,IT,MINDTREE
Minda Corporation Ltd.,AUTOMOBILE,MINDACORP
Minda Industries Ltd.,AUTOMOBILE,MINDAIND
Mishra Dhatu Nigam Ltd.,METALS,MIDHANI
Motherson Sumi Systems Ltd.,AUTOMOBILE,MOTHERSUMI
Motilal Oswal Financial Services Ltd.,FINANCIAL SERVICES,MOTILALOFS
MphasiS Ltd.,IT,MPHASIS
Multi Commodity Exchange of India Ltd.,FINANCIAL SERVICES,MCX
Muthoot Finance Ltd.,FINANCIAL SERVICES,MUTHOOTFIN
NATCO Pharma Ltd.,PHARMA,NATCOPHARM
NBCC (India) Ltd.,CONSTRUCTION,NBCC
NCC Ltd.,CONSTRUCTION,NCC
NESCO Ltd.,SERVICES,NESCO
NHPC Ltd.,POWER,NHPC
NLC India Ltd.,POWER,NLCINDIA
NMDC Ltd.,METALS,NMDC
NOCIL Ltd.,CHEMICALS,NOCIL
NTPC Ltd.,POWER,NTPC
Narayana Hrudayalaya Ltd.,HEALTHCARE SERVICES,NH
National Aluminium Co. Ltd.,METALS,NATIONALUM
National Fertilizers Ltd.,FERTILISERS & PESTICIDES,NFL
Navin Fluorine International Ltd.,CHEMICALS,NAVINFLUOR
Nestle India Ltd.,CONSUMER GOODS,NESTLEIND
Network18 Media & Investments Ltd.,MEDIA ENTERTAINMENT & PUBLICATION,NETWORK18
Nilkamal Ltd.,INDUSTRIAL MANUFACTURING,NILKAMAL
Nippon Life India Asset Management Ltd.,FINANCIAL SERVICES,NAM-INDIA
Oberoi Realty Ltd.,CONSTRUCTION,OBEROIRLTY
Oil & Natural Gas Corporation Ltd.,OIL & GAS,ONGC
Oil India Ltd.,OIL & GAS,OIL
Oracle Financial Services Software Ltd.,IT,OFSS
Orient Electric Ltd.,CONSUMER GOODS,ORIENTELEC
Orient Refractories Ltd.,INDUSTRIAL MANUFACTURING,ORIENTREF
PI Industries Ltd.,FERTILISERS & PESTICIDES,PIIND
PNB Housing Finance Ltd.,FINANCIAL SERVICES,PNBHOUSING
PNC Infratech Ltd.,CONSTRUCTION,PNCINFRA
PVR Ltd.,MEDIA ENTERTAINMENT & PUBLICATION,PVR
Page Industries Ltd.,TEXTILES,PAGEIND
Persistent Systems Ltd.,IT,PERSISTENT
Petronet LNG Ltd.,OIL & GAS,PETRONET
Pfizer Ltd.,PHARMA,PFIZER
Phillips Carbon Black Ltd.,CHEMICALS,PHILIPCARB
Phoenix Mills Ltd.,CONSTRUCTION,PHOENIXLTD
Pidilite Industries Ltd.,CHEMICALS,PIDILITIND
Piramal Enterprises Ltd.,FINANCIAL SERVICES,PEL
Poly Medicure Ltd.,HEALTHCARE SERVICES,POLYMED
Polycab India Ltd.,INDUSTRIAL MANUFACTURING,POLYCAB
Polyplex Corporation Ltd.,INDUSTRIAL MANUFACTURING,POLYPLEX
Power Finance Corporation Ltd.,FINANCIAL SERVICES,PFC
Power Grid Corporation of India Ltd.,POWER,POWERGRID
Prestige Estates Projects Ltd.,CONSTRUCTION,PRESTIGE
Prince Pipes and Fittings Ltd.,INDUSTRIAL MANUFACTURING,PRINCEPIPE
Prism Johnson Ltd.,CEMENT & CEMENT PRODUCTS,PRSMJOHNSN
Procter & Gamble Health Ltd.,PHARMA,PGHL
Procter & Gamble Hygiene & Health Care Ltd.,CONSUMER GOODS,PGHH
Punjab National Bank,FINANCIAL SERVICES,PNB
Quess Corp Ltd.,SERVICES,QUESS
RBL Bank Ltd.,FINANCIAL SERVICES,RBLBANK
REC Ltd.,FINANCIAL SERVICES,RECLTD
RITES Ltd.,SERVICES,RITES
Radico Khaitan Ltd,CONSUMER GOODS,RADICO
Rail Vikas Nigam Ltd.,CONSTRUCTION,RVNL
Rain Industries Ltd,CHEMICALS,RAIN
Rajesh Exports Ltd.,CONSUMER GOODS,RAJESHEXPO
Rallis India Ltd.,FERTILISERS & PESTICIDES,RALLIS
Rashtriya Chemicals & Fertilizers Ltd.,FERTILISERS & PESTICIDES,RCF
Ratnamani Metals & Tubes Ltd.,METALS,RATNAMANI
Raymond Ltd.,TEXTILES,RAYMOND
Redington (India) Ltd.,SERVICES,REDINGTON
Relaxo Footwears Ltd.,CONSUMER GOODS,RELAXO
Reliance Industries Ltd.,OIL & GAS,RELIANCE
Responsive Industries Ltd.,CONSUMER GOODS,RESPONIND
Rossari Biotech Ltd.,CHEMICALS,ROSSARI
Route Mobile Ltd.,IT,ROUTE
SBI Cards and Payment Services Ltd.,FINANCIAL SERVICES,SBICARD
SBI Life Insurance Company Ltd.,FINANCIAL SERVICES,SBILIFE
SIS Ltd.,SERVICES,SIS
SJVN Ltd.,POWER,SJVN
SKF India Ltd.,INDUSTRIAL MANUFACTURING,SKFINDIA
SRF Ltd.,CHEMICALS,SRF
Sanofi India Ltd.,PHARMA,SANOFI
Schaeffler India Ltd.,INDUSTRIAL MANUFACTURING,SCHAEFFLER
Schneider Electric Infrastructure Ltd.,INDUSTRIAL MANUFACTURING,SCHNEIDER
Sequent Scientific Ltd.,PHARMA,SEQUENT
Sharda Cropchem Ltd.,FERTILISERS & PESTICIDES,SHARDACROP
Sheela Foam Ltd.,CONSUMER GOODS,SFL
Shilpa Medicare Ltd.,PHARMA,SHILPAMED
Shipping Corporation of India Ltd.,SERVICES,SCI
Shoppers Stop Ltd.,CONSUMER SERVICES,SHOPERSTOP
Shree Cement Ltd.,CEMENT & CEMENT PRODUCTS,SHREECEM
Shriram City Union Finance Ltd.,FINANCIAL SERVICES,SHRIRAMCIT
Shriram Transport Finance Co. Ltd.,FINANCIAL SERVICES,SRTRANSFIN
Siemens Ltd.,INDUSTRIAL MANUFACTURING,SIEMENS
Sobha Ltd.,CONSTRUCTION,SOBHA
Solar Industries India Ltd.,CHEMICALS,SOLARINDS
Solara Active Pharma Sciences Ltd.,PHARMA,SOLARA
Sonata Software Ltd.,IT,SONATSOFTW
Spandana Sphoorty Financial Ltd.,FINANCIAL SERVICES,SPANDANA
Spicejet Ltd.,SERVICES,SPICEJET
Star Cement Ltd.,CEMENT & CEMENT PRODUCTS,STARCEMENT
State Bank of India,FINANCIAL SERVICES,SBIN
Steel Authority of India Ltd.,METALS,SAIL
Sterling And Wilson Solar Ltd.,CONSTRUCTION,SWSOLAR
Sterlite Technologies Ltd.,TELECOM,STLTECH
Strides Pharma Science Ltd.,PHARMA,STAR
Sudarshan Chemical Industries Ltd.,CHEMICALS,SUDARSCHEM
Sumitomo Chemical India Ltd.,FERTILISERS & PESTICIDES,SUMICHEM
Sun Pharma Advanced Research Company Ltd.,PHARMA,SPARC
Sun Pharmaceutical Industries Ltd.,PHARMA,SUNPHARMA
Sun TV Network Ltd.,MEDIA ENTERTAINMENT & PUBLICATION,SUNTV
Sundaram Clayton Ltd.,AUTOMOBILE,SUNCLAYLTD
Sundaram Finance Ltd.,FINANCIAL SERVICES,SUNDARMFIN
Sundram Fasteners Ltd.,AUTOMOBILE,SUNDRMFAST
Sunteck Realty Ltd.,CONSTRUCTION,SUNTECK
Suprajit Engineering Ltd.,AUTOMOBILE,SUPRAJIT
Supreme Industries Ltd.,INDUSTRIAL MANUFACTURING,SUPREMEIND
Supreme Petrochem Ltd.,CHEMICALS,SUPPETRO
Suven Pharmaceuticals Ltd.,PHARMA,SUVENPHAR
Suzlon Energy Ltd.,INDUSTRIAL MANUFACTURING,SUZLON
Swan Energy Ltd.,TEXTILES,SWANENERGY
Symphony Ltd.,CONSUMER GOODS,SYMPHONY
Syngene International Ltd.,HEALTHCARE SERVICES,SYNGENE
TCI Express Ltd.,SERVICES,TCIEXP
TCNS Clothing Co. Ltd.,TEXTILES,TCNSBRANDS
TTK Prestige Ltd.,CONSUMER GOODS,TTKPRESTIG
TV18 Broadcast Ltd.,MEDIA ENTERTAINMENT & PUBLICATION,TV18BRDCST
TVS Motor Company Ltd.,AUTOMOBILE,TVSMOTOR
Tanla Platforms Ltd.,IT,TANLA
Tasty Bite Eatables Ltd.,CONSUMER GOODS,TASTYBITE
Tata Chemicals Ltd.,CHEMICALS,TATACHEM
Tata Coffee Ltd.,CONSUMER GOODS,TATACOFFEE
Tata Communications Ltd.,TELECOM,TATACOMM
Tata Consultancy Services Ltd.,IT,TCS
Tata Consumer Products Ltd.,CONSUMER GOODS,TATACONSUM
Tata Elxsi Ltd.,IT,TATAELXSI
Tata Investment Corporation Ltd.,FINANCIAL SERVICES,TATAINVEST
Tata Motors Ltd DVR,AUTOMOBILE,TATAMTRDVR
Tata Motors Ltd.,AUTOMOBILE,TATAMOTORS
Tata Power Co. Ltd.,POWER,TATAPOWER
Tata Steel BSL Ltd.,METALS,TATASTLBSL
Tata Steel Ltd.,METALS,TATASTEEL
Teamlease Services Ltd.,SERVICES,TEAMLEASE
Tech Mahindra Ltd.,IT,TECHM
The New India Assurance Company Ltd.,FINANCIAL SERVICES,NIACL
The Ramco Cements Ltd.,CEMENT & CEMENT PRODUCTS,RAMCOCEM
Thermax Ltd.,INDUSTRIAL MANUFACTURING,THERMAX
Thyrocare Technologies Ltd.,HEALTHCARE SERVICES,THYROCARE
Timken India Ltd.,INDUSTRIAL MANUFACTURING,TIMKEN
Titan Company Ltd.,CONSUMER GOODS,TITAN
Torrent Pharmaceuticals Ltd.,PHARMA,TORNTPHARM
Torrent Power Ltd.,POWER,TORNTPOWER
Trent Ltd.,CONSUMER SERVICES,TRENT
Trident Ltd.,TEXTILES,TRIDENT
Triveni Turbine Ltd.,INDUSTRIAL MANUFACTURING,TRITURBINE
Tube Investments of India Ltd.,AUTOMOBILE,TIINDIA
UCO Bank,FINANCIAL SERVICES,UCOBANK
UFLEX Ltd.,INDUSTRIAL MANUFACTURING,UFLEX
UPL Ltd.,FERTILISERS & PESTICIDES,UPL
UTI Asset Management Company Ltd.,FINANCIAL SERVICES,UTIAMC
Ujjivan Financial Services Ltd.,FINANCIAL SERVICES,UJJIVAN
Ujjivan Small Finance Bank Ltd.,FINANCIAL SERVICES,UJJIVANSFB
UltraTech Cement Ltd.,CEMENT & CEMENT PRODUCTS,ULTRACEMCO
Union Bank of India,FINANCIAL SERVICES,UNIONBANK
United Breweries Ltd.,CONSUMER GOODS,UBL
United Spirits Ltd.,CONSUMER GOODS,MCDOWELL-N
V-Guard Industries Ltd.,CONSUMER GOODS,VGUARD
V-Mart Retail Ltd.,CONSUMER SERVICES,VMART
V.I.P. Industries Ltd.,CONSUMER GOODS,VIPIND
VST Industries Ltd.,CONSUMER GOODS,VSTIND
Vaibhav Global Ltd.,CONSUMER SERVICES,VAIBHAVGBL
Vakrangee Ltd.,IT,VAKRANGEE
Valiant Organics Ltd.,CHEMICALS,VALIANTORG
Vardhman Textiles Ltd.,TEXTILES,VTL
Varroc Engineering Ltd.,AUTOMOBILE,VARROC
Varun Beverages Ltd.,CONSUMER GOODS,VBL
Vedanta Ltd.,METALS,VEDL
Venky's (India) Ltd.,CONSUMER GOODS,VENKEYS
Vinati Organics Ltd.,CHEMICALS,VINATIORGA
Vodafone Idea Ltd.,TELECOM,IDEA
Voltas Ltd.,CONSUMER GOODS,VOLTAS
WABCO India Ltd.,AUTOMOBILE,WABCOINDIA
Welspun Corp Ltd.,METALS,WELCORP
Welspun India Ltd.,TEXTILES,WELSPUNIND
Westlife Development Ltd.,CONSUMER SERVICES,WESTLIFE
Whirlpool of India Ltd.,CONSUMER GOODS,WHIRLPOOL
Wipro Ltd.,IT,WIPRO
Wockhardt Ltd.,PHARMA,WOCKPHARMA
Yes Bank Ltd.,FINANCIAL SERVICES,YESBANK
Zee Entertainment Enterprises Ltd.,MEDIA ENTERTAINMENT & PUBLICATION,ZEEL
Zensar Technolgies Ltd.,IT,ZENSARTECH
Zydus Wellness Ltd.,CONSUMER GOODS,ZYDUSWELL
eClerx Services Ltd.,IT,ECLERX
